Approval Form No,SUPPLIER NAME,MATERIAL / SERVICE TO BE PROVIDED,Approval Details,,,,,,,,Surveillance Requirements,,,Address,,,,,
,,,Scope of Approval (Materials or Services Puchased),Approval Status (Conditional or Unconditional),Date of Approval,Classification,Approval Method,Certification Expiry Date,Needs of valid certificate,Approval Form Number,Audits,ISO Certification,Incoming Inspections,Street address,ZIP Code,City,Country,Telephone No.,Fax No.
1,Metrigraphics LLC,Flexible micro-circuits,Flexible micro-circuits,Unconditional,29-May-2013,Class 2,"Supplier contract
Audit Report
Certification
Supply history",7-août-15,NO,1,yes,yes,yes,50 Concord St,MA 01887,Wilmington,USA,1 (0) 978-658-6100 ,1 (0) 978-657-7765
2,Wesley Coe (Cambridge) Ltd,Final Implant Assembly and packaging and laser ablation,Final Implant Assembly and packaging and laser ablation,Unconditional,29-May-2013,Class 1,"Supplier contract
Audit Report
Certification
Supply history",8-nov.-17,NO,2,yes,yes,yes,Gas Lane,CB7 4GH,Ely,United Kingdom,44 (0) 1353 66 79 14,44 (0) 1353 66 14 71
3,AIRBUS Defence and Space (Cassidian),Electronic assembly,Electronic assembly,Unconditional,21-mars-14,Class 2,"Supplier contract
Audit Report
Certification
Supply history",18-nov.-15,NO,3,yes,yes,yes,"Wörthstraße 85, COEEM1",D-89077 ,Ulm,Germany,49 (0) 731 392 5565,49 (0) 731 3922 0461 7
4,Via Electronics,Low temperature co-fired ceramic components,Low temperature co-fired ceramic components,Unconditional,25-June-2013,Class 3,"Supplier contract
Audit Report
Certification
Supply history",16-févr.-17,NO,4,yes,yes,yes,Robert-Friese-Strasse 3,D-07629 ,Hermsdorf,Germany,49 (0) 36601 9298 0,49 (0) 36601 9298 110
5,Sterigenics Germany GmbH,Sterilisation and Sterilisation Validation services,Sterilisation and Sterilisation Validation services,Unconditional,21-mars-14,Class 1,"Supplier contract
Audit Report
Certification
Supply history",26-mars-15,NO,5,yes,yes,yes,"Kasteler Strasse 45
Gebäude G525 ",D-65203 ,Wiesbaden,Germany,49 (0) 611 962 7869,49 (0) 611 962 9422
6,Imetron,Coils,Coils,Unconditional,29-May-2013,Class 3,"Supplier contract
Certification
Supply history",23-sept.-15,NO,6,no,yes,yes,Stöckmatten 13,D-79224 ,Umkirch,Germany,49 (0) 7665 50 255  0,49 (0) 7665 50 2 55 25
7,Mecora Medizintechnik GmbH,Plastic housings,Plastic housings,Unconditional,29-May-2013,Class 3,"Supplier contract
Certification
Supply history",7-mars-16,NO,7,no,yes,yes,Rottstraße 35,D-52068 ,Aachen,Germany,49 (0) 241 400 28 40,49 (0) 241 400 28 41
8,Helmut Christmann,Re-spreader metallic parts,Re-spreader metallic parts,Unconditional,04-June-2013,Class 2,"Supplier contract
Certification
Supply history",26-sept.-15,NO,8,no,yes,yes,Carl-Benz-Str. 9,75217,Birkenfeld,Germany,07231/9448820,07231/9488229
9,Osypka GmbH,Retainer (Silicone rings),Retainer (Silicone rings),Unconditional,4-June-2013,Class 2,"Supplier contract
Certification
Supply history",20-juin-15,NO,9,no,yes,yes,Eal-H.-Wood Str.1,79618,Rheinfelden,Germany,49 (0) 7623 7405 150,49 (0) 7623 7405 160
10,Nelipak,Implant blister primary packaging,Implant blister primary packaging,Unconditional,04-June-2013,Class 2,"Supplier contract
Certification
Supply history
Trade reputation",1-août-15,NO,10,no,yes,yes,Massheseweg 75,5804 AB ,Venray,Netherlands,+31/478/529000,+31/478/529010
11,Roth Sochiel Eurl (distributor for Watson Marlow tubing),"General Laboratory accessories including plastic tubes, , Isopropanol, Ethanol","General Laboratory accessories including plastic tubes, , Isopropanol, Ethanol",Unconditional,31-May-2013,Class 3,"Certification
Supply history
",5-juil.-16,NO,11,no,yes,yes,"3, rue de la Chappelle",67630,Lauterbourg,France,33 (0) 158 308 445,33 (0) 388 54 63 93
12,NuSil technology europe,Silicones,Silicones,Unconditional,29-May-2013,Class 3,"Certification
Supply history
Trade reputation",1-juil.-15,NO,12,no,yes,yes,"Le Natura Bat 2, 1198, avenue Maurice Donat",06250,Mougins,France,33 (0) 492 969 331,33 (0) 492 960 637
13,Harry Wegner GmbH & Co. KG (distributor for DELO),Adhesives for implant assembly,Adhesives for implant assembly,Unconditional,29-May-2013,Class 3,"Certification
Supply history
",29-oct.-15,NO,13,no,yes,yes,Bullerdeich 51,20537,Hamburg,Germany,49 (0) 40 237 007-0,49 (0) 40 234 206
14,Schott Electronic Packaging GmbH,Glass lids,Glass lids,Unconditional,29-May-2013,Class 3,"Certification
Supply history
",28-avr.-16,NO,14,no,yes,yes,Christoph-Dorner-Str. 29,84028,Landshut,Germany,49 (0) 871 826 0,49 (0) 364 128 889 222
15,Techni Industries France,Adhesives,Adhesives,Unconditional,29-May-2013,Class 3,"Supply history
Trade reputation",none,NO,15,no,yes,yes,"24-28 avenue Graham Bell, ZAC Léonard de Vinci, Bâtiment Gauguin n°7",77600,Bussy Saint Georges,FRANCE,33 (0) 1 60 94 01 30,33 (0) 1 60 54 98 95
16,Micross,"Electronic components and accessories including: capacitors, Diodes, Resistors, Waffle packs","Electronic components and accessories including: capacitors, Diodes, Resistors, Waffle packs",Unconditional,31-May-2013,Class 3,"Certification
Supply history
Evidence of a establish standard
",21-nov.-17,NO,16,no,yes,yes,2 Hellesdon Park Road,NR6 5 DR,"Norwich, Norfolk",United Kingdom,+441603/788967,+441603/788920
17,Ferro,Glass solder paste,Glass solder paste,Unconditional,25-June-2013,Class 3,"Certification
Supply history
",12-mai-15,NO,17,no,yes,yes,"Unit 1 lime Grove Instustrial Estate;
Falconer Road",CB9 7XU,"Haverhill, Suffolk",United Kingdom,44 (0) 144 0711 980,44 (0) 144 0711 981
18,Alcon,Balanced Salt Solutions BSS,Balanced Salt Solutions BSS,Unconditional,30-Jan.-2014,Class 4,"Supply history
Trade reputation",none,NO,18,no,yes,yes,"4, rue Henri Sainte-Claire Deville",F-92563,RUEL-MALMAISON Cedex,France,33 (0) 147 10 48 90,33 (0) 147 10 47 00
19,Prototec,Plastic parts (VI),Plastic parts (VI),Unconditional,9-July-2013,Class 4,"Certification
Supply history
",6-nov.-17,NO,19,no,yes,yes,Askay 18,57439,Attendorn,Germany,+49 272 295 95 95,+49 272 295 9597
20,Leclanché,battery for Pocket Processor,battery for Pocket Processor,Unconditional,25-June-2013,Class 3,"Certification
Supply history
",31-déc.-15,NO,20,no,yes,yes,Avenue des sports 42,1401,Yverdon-les-Bains,Suisse,33 (0) 4 75 67 48 30,33 (0) 9 63 58 97 98
21,P.J. Dahlauser &Co GmbH,Camera drapes ,Camera drapes,Unconditional,20-nov.-13,Class 3,"Certification
Evidence of a establish standard
",30-juin-15,NO,21,no,yes,yes,"Emil-Hoffmann, str 53",D-50996,KÖLN,Germany,00 49 2236 39 130,00 49 2236 39 13109
22,Mouser Electronics,Off the shelf electronic components and services,Off the shelf electronic components and services,Unconditional,25-June-2013,Class 4,"Certification
Supply history

",8-sept.-16,NO,22,no,yes,yes,"Le Voltaire, 1, Avenue Leo Lagrange",19100,Brive-La-Gaillarde,France,33 (0) 555 85 79 96,33 (0) 555 85 79 97
23,RS Components,Electronic,Electronic,Unconditional,29-Aug-2013,Class 4,"Supply history
Trade reputation",none,NO,23,no,no,yes,rue norman king BP 40453,60031,Beauvais,France,NA,NA
24,Oculari,Visual Interface glasses,Visual Interface glasses,Unconditional,01-aug-2013,Class 4,"Certification
Supply history
",20-janv.-17,NO,24,no,yes,yes,Königwinterer Str. 681,53227,Bonn,Germany,0228 944 988 3,0228 944 988 4
25,Diolan Ltd,Electronic Boards,Electronic Evaluation boards,Not Applicable,12-july-2014,N.A,N.A,none,NO,25,N.A,N.A,N.A,PO box 652,76106,Rehovot,Israel,972 (0) 52 67 37 505,972 (0) 894 54 342
26,Trenz ElectronicGMBH,FPGA Micromodules,FPGA Micromodules,Unconditional,20-nov.-13,Class 4,"Trial delivery
Trade reputation",none,NO,26,no,yes,yes,Holzweg 19A,32257,Bunde,Germany,NA,NA
27,Gerald Kann,chin rest and mechanical device,chin rest and mechanical device,Not Applicable,25-June-2013,N.A,N.A,none,NO,27,N.A,N.A,N.A,"Gernoder Str,24",39116,Magedeburg,Germany,49 39 16 62 56 95,49 39 16 62 56 96 
28,VARIOPTIC,R&D only,R&d only,Not Applicable,10-June-2013,N.A,N.A,none,NO,28,N.A,N.A,N.A,"Batiment Tony Garnier, 24B rue Jean Baldassini",69007,Lyon,France,33 (0)4 37 65 35 31,33(0)4 37 65 35 30
29,LCIE Bureau veritas,"Test per IEC62471,EN45502-1 (standards)","Test per IEC62471,EN45502-1 (standards)",Not Applicable,10-June-2013,N.A,N.A,none,NO,29,N.A,N.A,N.A,33 avenue du Général Leclerc,92260,Fontenay aux Roses,France,01 40 95 60 60 ,01 40 95 86 56
30,Intertek,Test per IEC 60601-1 (standards),Test per IEC 60601-1 (standards),Not Applicable,10-June-2013,N.A,N.A,none,NO,30,N.A,N.A,N.A,"Cleeve road, Leathearhead","KT22,75B",Surrey,UK,0044 13 72 37 09 00,0044 13 72 37 09 99
31,BSI,Standards,Standards,Not Applicable,10-June-2013,N.A,N.A,none,NO,31,N.A,N.A,N.A,389 chiswick High road ,W4 4AL,London,UK,NA,0044 20 89 96 70 01
32,THORLABS,Equipment(R&D),Equipment(R&D),Not Applicable,25-June-2013,N.A,N.A,none,NO,32,N.A,N.A,N.A,"109,rue des Côtes ",78600,Maisons-Lafitte,France,33 (0) 970 44 48 44,33 (0)825 744 800 
33,OPTEC,Laser sealing system (equipment),Equipment,Not Applicable,10-June-2013,N.A,N.A,none,NO,33,N.A,N.A,N.A,53 avenue des Nouvelles Technologies,B-7080,Frameries,Belgium,00 32 65 78 18 08,00 32 65 78 20 35 
34,IEC,Standards,Standards,Not Applicable,10-June-2013,N.A,N.A,none,NO,34,N.A,N.A,N.A,3 rue de Varembe PO BOX 131,CH1211,Geneva 20,Switzerland,0041 22 91 90 211,0041 22 91 90 300
35,HS Robotics GmbH,Screws for Visual Interface,Screws for Visual Interface,Unconditional,20-nov.-13,Class 4,"Certification
Trial delivery",1-mai-17,NO,35,no,yes,yes,Hagener SraBe 5G,58553,Halver,Deutschland,,
36,CONTAG AG,Circuit board,Circuit board,Unconditional,25-June-2013,Class 3,"Certification
Supply history
Trade reputation",27-févr.-17,NO,36,no,yes,yes,Paewesiner Weg 30,13581,Berlin,Germany,0049 30 351 788-0,00 49 30 351 788-100
37,CAE Automation GmbH,Assembly of components with PBCS for VI,Assembly of components with PBCS for VI,Unconditional,25-June-2013,Class 3,"Certification
Supply history
Trade reputation
",13-déc.-15,NO,37,no,yes,yes,AkazienstraBe 5,64560,Riedstadt,Germany,0049 61 58 74 750,0049 61 58 74 75 29
38,Farnell,Off the shelf electronic components and services,Off the shelf electronic components and services,Unconditional,13-June-2013,Class 4,"Supply history
Trade reputation",none,NO,38,no,no,yes,"81-83 rue Henri Depagneux
BP 60426 Limas",69654,Villefranche sur SaôneCedex,France,04 74 68 99 99,04 74 68 99 90
39,IDIL,characterization material for source light R&D,characterization material for source light R&D,Not Applicable,25-June-2013,N.A,N.A,none,NO,39,N.A,N.A,N.A,"Espace Chappe, rue Claude Chappe",22300,Lannion,France,02 96 05 40 20 ,02 96 05 40 25
40,SILICA,Sotware for development and electronic components,Sotware for development and electronic components,Not Applicable,25-June-2013,N.A,N.A,none,NO,40,N.A,N.A,N.A,NA,NA,NA,NA,NA,NA
41,Amazon,equipment and offices supplies,equipment and offices supplies,Not Applicable,25-June-2013,N.A,N.A,none,NO,41,N.A,N.A,N.A,NA,NA,NA,NA,NA,NA
42,Ellsworth,Adhesive,Adhesive,Unconditional,11-sept.-13,Class 3,"Certification
Trade reputation",12-févr.-16,NO,42,no,yes,yes,"16 rue Ampère,Immeuble SOMAG",95300,Pointoise,France,01 30 30 30 18,01 30 30 97 64 
43,CADVision,Software,Software,Not Applicable,25-June-2013,N.A,N.A,none,NO,43,N.A,N.A,N.A,2 rue Galilée ,78280,Guyancourt,France,01 39 30 65 12,01 39 30 65 08
44,Mueller,Coils for visual interface,Coils,Unconditional,27-juin-13,Class 3,"Certification
Supply history",28-févr.-15,NO,44,no,yes,yes,Siegener strasse 44,51580,Reichshof-Wildbergerhuette,Germany,49 (0) 2297 7194,49 (0) 2297 7315
45,LUNEAU SAS,Contact lenses,Contact lenses,Unconditional,20-nov.-13,Class 4,"Certification
Trial delivery",24-avr.-15,NO,45,no,yes,yes,Avenue Malaguet ,28360,Prunay le Gilllon,France,33 (0) 2 37 25 25 25,33 (0) 2 37 25 75 99
46,KOPERA,Sterile saline water ,Sterile saline water ,Unconditional,9-July-2013,Class 4,"Certification
Supply history",14-nov.-16,NO,46,no,yes,yes,Sporenstrase 46,D-58644,Iserlol 0,Germany,49 23 71 29 791,49 23 71 24 539
47,MC Technologies,Cable connecting the VI and PP,Cable connecting the VI and PP,Unconditional,05-juin-14,Class 3,"Certification
Trial delivery",15-mai-17,NO,47,no,yes,yes,Kabelkamp 2 ,D-20179,Hannover,Germany,+ 49 511 67 69 99-0 ,NA
48,Photon lines,Optics equipment ,Optics equipment ,Not Applicable,9-July-2013,N.A,N.A,none,NO,48,N.A,N.A,N.A,"Bat B, 99 rue Pereire",78100,St Germain en Laye,France,01 30 08 99 00,01 30 08 99 09
49,critical links,Embedded processor modules for PP,Embedded processor modules for PP,Unconditional,25-sept.-14,Class 3,"Trial delivery
Trade reputation",none,NO,49,no,yes,yes,6712 Brooklawn Parkway,NY 13211 ,Syracuse,USA,315 425 40 45,3 154 254 048
50,Emedco,Labels,Labels,Not Applicable,9-July-2013,N.A,N.A,none,NO,50,N.A,N.A,N.A,PO box 369,NY 14240,Buffalo,USA,1-866-222-4743,1-800-344-2578
51,Gigahertz optics,Calibration of equipment,Calibration of equipment,Not Applicable,9-July-2013,N.A,N.A,none,NO,51,N.A,N.A,N.A,An der Kalberweide 12,D-82299,Turkenfeld,Germany,08 193/ 93700-40,08 193/ 93700-50
52,Chimie Tech Services,Supplies for cleanroom,Supplies for cleanroom ,Unconditional,18-July2013,Class 3,"history of supply
Trade reputation",none,NO,52,no,yes,yes,7 rue Marcellin berthelot,92762,antony cedex,France,01 55 59 55 81,01 55 59 55 90
53,Metrologie Rhones Alpes,Dimension control measurement for Retinal Implant parts,Dimension control measurement for Retinal Implant parts,Unconditional,18-July2013,Class 3,"Certification
Trade reputation",1-juil.-17,NO,53,no,yes,yes,allee Guimet -Centre Artisanal Bleu Guimet,69250,Fleurieu-sur-Saône,France,04 78 61 72 56,09 70 32 75 18
54,Healtis,MRI Compatibilty test,MRI Compatibilty test,Not Applicable,17-july-2013,N.A,N.A,none,NO,54,N.A,N.A,N.A,"CHU de Nancy Brabois, 4ème étage Tour Drouet , 5 rue du Morvan ",54511,Vandoeuvre Les nancy,France,09 70 40 54 79 ,NA
55,CNRS,Providing analysis in SEM,Providing analysis in SEM,Not Applicable,17-july-2012,N.A,N.A,none,NO,55,N.A,N.A,N.A,"Univeristé paris Diderot -Paris7
Bât.Condorcet, case courier 7021,
10rue Alice Domon et Léonie Duquet",75205,Paris cedex 13,France,01 57 27 69 13,01 57 27 62 41
56,ripplon,Software,Software,Not Applicable,02-sept.-13,N.A,N.A,none,NO,56,N.A,N.A,N.A,1607-610 Victoria St,V3M OA5,New Wesminster BC,Canada,NA,NA
57,share-it,Software,Software,Not Applicable,17-july-2013,N.A,N.A,none,NO,57,N.A,N.A,N.A,10380 bren Road West,MN 55343 ,Minnetonka,USA,+19522531234,+1 952 253 8497
58,Digital light innovation,Software,Software,Not Applicable,17-july-2013,N.A,N.A,none,NO,58,N.A,N.A,N.A,"4501 Spicewood Springs road, suite 1000",78759,Austin,texas,NA,NA
59,instrumex,equipment and calibration,equipment,Unconditional,14-nov.-14,Class 4,"Certification
service per an established standard",29-juil.-19,NO,59,N.A,N.A,N.A,Mulweg2,82054,Sauerlach,Germany,+498104/6675-0,+498104/6675-50
60,Iplus concept,software,software,Not Applicable,17-july-2013,N.A,N.A,none,NO,60,N.A,N.A,N.A,9 rue Jules Lemoine,91290,Arpajon,France,NA,NA
61,Diedre design,Design of the visual Interface,Design of the visual Interface,Not Applicable,17-july-2013,N.A,N.A,none,NO,61,N.A,N.A,N.A,38 rue Remilly,78000,Versailles,France,01 30 21 77 66,01 30 21 79 07
62,Axena,Design of the visual Interface,Design of the visual Interface,Not Applicable,17-july-2013,N.A,N.A,none,NO,62,N.A,N.A,N.A,6 Parc des Fontenelles,788870,Bailly,France,01 30 80 56 10,NA
63,Caiman design ,Design of the visual Interface,Design of the visual Interface,Not Applicable,17-july-2013,N.A,N.A,none,NO,63,N.A,N.A,N.A,17 rue de la Fraternité,94300,Vincennes,France,01 75 64 10 80 ,01 58 64 02 65
64,Omnigroup,software,software,Not Applicable,18-july-2013,N.A,N.A,none,NO,64,N.A,N.A,N.A,"1000 Dexter Ave N, Suite 400",W98109-3583,Seattle,USA,+1 206-523-4152,+1 206-523-5896
65,Sodistrel,Labels,labels,Not Applicable,01-aug-2013,N.A,N.A,none,NO,65,N.A,N.A,N.A,"1 rue du ruisseau blanc, ZA de Lunezy",91620,Nozay,France,01 64 49 51 51 ,01 69 01 21 32
66,online components,electronics component,elctronics component,Not Applicable,01-aug-2013,N.A,N.A,none,NO,66,N.A,N.A,N.A,11125 S.Eastern Ave. Ste120,NV 89052,Henderson,USA,NA,NA
67,coop labo,Supplies for laboratory,Supplies for laboratory,Unconditional,01-aug-2013,Class 3,"history of supply
Trade reputation",none,NO,67,no,yes,yes,BP 20271,91162,Longjumeau cedex,France,01 69 10 60 00,01 69 10 86 80
68,Polyrepro,prototype,prototype,Unconditional,27-janv.-14,Class 4,"history of supply
Trade reputation",none,NO,68,no,no,yes,63 rue de la garenne,92310,sevres,France,01 49 66 68 68,01 49 66 68 60
69,GMC Instruments France SA,Clinical protocol equipment and calibration,Clinical protocol equipment,Unconditional,14-nov.-14,Class 4,"Certification
service per an established standard",12-juil.-17,NO,69,N.A,N.A,N.A,3 rue rené Cassin,91349,Massy Cedex,France,01 69 20 89 49,01 69 20 54 92
70,Beaver Visitec International BVI,ophtalmic and microsurgical instruments,ophtalmic and microsurgical instruments,Not Applicable,21-Aug-2013,N.A,N.A,none,NO,70,N.A,N.A,N.A,NA,NA,NA,NA,04 85 88 00 33,NA
71,Batteries online,battery ,battery ,Not Applicable,21-Aug-2013,N.A,N.A,none,NO,71,N.A,N.A,N.A,2D rue georges Mélies,78390,Bois d'acy,France,01 79 97 90 85,NA
72,PCB Electronics,PCB,PCB,Not Applicable,27-Aug-2013,N.A,N.A,none,NO,72,N.A,N.A,N.A,45 rue de la cascade,38660,La terrasse ,France,04 76 52 73 31,04 76 52 94 95
73,Vacom Vacuum Components & Metrology bvba,vacuum tight chambers for helium leakage test ,vacuum tight chambers for helium leakage test ,Not Applicable,29-Aug-2013,N.A,N.A,none,NO,73,N.A,N.A,N.A,Stationsstraat 180/20,3100,Rotselaar,Belgium,NA,NA
74,Spetec Gmbh,Filters for flowbox,Filters for flowbox,Unconditional,02-sept.-13,Class 3,"Certification
Supply history",14-mars-16,NO,74,no,yes,yes,"berghamer,Str.2",85435,Erding,Germany,00 49 81 22 99 533,00 49 81  22 10 937 
75,CAD Informatique,Software,Software,Not Applicable,29-Aug-2013,N.A,N.A,none,NO,75,N.A,N.A,N.A,25 avenue de la résistance ,77500,Chelles,France,01 60 20 11 11, 01 60 20 06 16
76,Med pass International,"assistance in regulatory approval , reporting of adverse events and monitoring clinical studies","assistance in regulatory approval , reporting of adverse events and monitoring clinical studies",Unconditional,27-janv.-14,Class 4,"
Audit Report
trade reputation",none,NO,76,yes,no,no,95 bis bd Pereire,75017,Paris,France,01 42 12 83 30,01 40 53 81 11
77,Kaluti System,design of glasses,design of glasses,Not Applicable,10-sept.-13,N.A,N.A,none,NO,77,N.A,N.A,N.A,"Bat.503, centre Scientifique d'Orsay",91893,Orsay cedex,France,01 69 35 88 83,01 64 59 87 57
78,JMS,mechanical assemblies,mechanical assemblies,Not Applicable,10-sept.-13,N.A,N.A,none,NO,78,N.A,N.A,N.A,59 rue de la vallée du bois,92140,Clamart,France,01 46 38 09 89,01 46 38 09 22
79,Edmund Optics Ltd,Equipment,Equipment,Not Applicable,11-sept.-13,N.A,N.A,none,NO,79,N.A,N.A,N.A,"unit 1, Opus avenue",Y0266BL,"Nether poppleton, york",United Kingdom,0044 1904 788 600,0044 1904 788 610
80,Baaske Medical,Ethernet isolation,Ethernet isolation,Unconditional,20-déc.-13,Class 4,"Certification
Supply history",20-mars-17,NO,80,no,yes,yes,Bacmeistterstrasse 3,32312,Lubbecke,Germany,00 49 57 41 23 60 27-0,00 49 57 41 23 60 27 -99
81,Industrifil,Cables for VI manufacturing,Cables for VI manufacturing,Unconditional,20-nov.-13,Class 3,"Trial delivery
Evidence of a establish standard",none,NO,81,no,no,yes,7 rue entre vignes,30470,Aimargues,France,04 66 88 66 00,04 66 88 66 22
82,Trescal ,Calibration and maintenance of equipment,Calibration and maintenance of equipment,Unconditional,11-sept.-13,Class 4,"Certification
Supply history",31-janv.-19,NO,82,no,yes,yes,8 rue de l'Esterel BP 30441-SILIC,94593,Rungis,France,01 56 10 36 36,01 56 70 36 30
83,Cartonnage Vincent Jouret,IRIS 1 system packaging,IRIS 1 system packaging,Not Applicable,19-sept.-13,N.A,N.A,none,NO,83,N.A,N.A,N.A,7 eur ampère ,7200,Aubenas,France,04 75 93 67 30,04 75 35 48 00
84,LNE,Standards tests,Standards tests,Not Applicable,19-sept.-13,N.A,N.A,none,NO,84,N.A,N.A,N.A,29 avenue Roger hennequin,78197,Trappes,France,01 30 69 10 00,01 30 69 12 34
85,Rood microtec,"programming, thinning, dicing of Retina wafers","programming, thinning, dicing of Retina wafers",Unconditional,17-sept.-13,Class 3,"Certification
Supply history",13-mai-16,NO,85,no,yes,yes,Oettinger Str.6,86720,Nordlinger,Germany,+49 9081 804-0,+49 9081 804-208
86,Micro system Engineering,LTCC Ceramic,LTCC Ceramic,Not Applicable,19-sept.-13,N.A,N.A,none,NO,86,N.A,N.A,N.A,"Schleweg 17,",95180,Berg,Germany,00 49 (9293) 78-716, 00 49 (9293) 78-741
87,Micro epsilon,Camera ,Camera ,Not Applicable,19-sept.-13,N.A,N.A,none,NO,87,N.A,N.A,N.A,14-16 rue des Gaudines,78100,Saint germain en laye,France,01 39 10 21 00 ,01 39 73 96 57
88,Advanced circuits,PCB Assembly,PCB Assembly,Not Applicable,19-sept.-13,N.A,N.A,none,NO,88,N.A,N.A,N.A,"21101 E. Parkway,",CO 80011,Aurora,Germany,NA,NA 
89,Optique de precision J.Fichou,optic device,optic device,Not Applicable,26-sept.-13,N.A,N.A,none,NO,89,N.A,N.A,N.A,30 rue de la Garenne,94260,Fresnes,France,01 46 66 15 18,01 49 84 06 75
90,Digikey,off the shelf electroniccomponents,off the shelf electroniccomponents,Not Applicable,26-sept.-13,N.A,N.A,none,NO,90,N.A,N.A,N.A,701 Brooks Avenue South,MN56701,Thief river falls,USA,0033 53 484 9584,0033 38 717 0111
91,Beehive Electronics,"EMC probes, equipment","EMC probes, equipment",Not Applicable,26-sept.-13,N.A,N.A,none,NO,91,N.A,N.A,N.A,855 Laurence Lane,CA 95472,Sebastopol,USA,17 078 249 206,17 075 811 955
92,SDL Atlas Ltd,"Ball pressure tester, equipment","Ball pressure tester, equipment",Not Applicable,26-sept.-13,N.A,N.A,none,NO,92,N.A,N.A,N.A,PO box 162 Crown royal,SK1 3JW,Stockport,United Kingdom,0044 161 480 84 85, '0044 161 480 85 80
93,Valotec,Services for development  and manufacturing,Services for development  and manufacturing,Unconditional,09-avr.-14,Class 3,"Certification
Audit report",25-juin-15,NO,93,yes,yes,yes,94 rue Marcel Bonnet,94230,Cachan,France,01 45 46 40 10,NA
95,Mecmesin,Equipment,Equipment,Not Applicable,01-oct.-13,N.A,N.A,none,NO,95,N.A,N.A,N.A,4 chemin des Isles,10260,Virey sous bar,France,06 71 97 38 70,03 25 29 82 47
96,ASTM,Standards,Standards,Not Applicable,01-oct.-13,N.A,N.A,none,NO,96,N.A,N.A,N.A,"100 barr Harbor drive
PO Box C700",PA 19428-2959,West Conshohocken,USA,1 610-832-9585,NA
97,IMEC,Chips for camera (PN 6700'S),Integrated circuits,Unconditional,01-oct.-13,Class 3,"Certification
Trade reputation",1-juil.-15,NO,97,no,yes,yes,Kapeldreef 75,B-3001,Leuven,Belgium,32 (0) 16 281 248,32 (0) 16 281 584
98,Laboratoire Croma,surgical equipment use for implantation,surgical equipment use for implantation,Unconditional,20-nov.-13,Class 3,"trial delivery
Trade reputation",none,NO,98,no,no,yes,"Atrium rive Gauche,19Bd paul Vaillant Couturier",94854,Ivry sur Seine,France,01 45 15 60 60,01 46 58 62 91 
99,Laboderm,surgical equipment use for implantation,surgical equipment use for implantation,Not Applicable,04-juin-14,Class 3,"trial delivery
Trade reputation",none,NO,99,no,no,yes,14 rue ferdinand de Lesseps,95190,Goussainville,France,01 30 18 91 18,01 34 04 88 44
100,Viveris,"maintenance fitting sotware, electronic, software design",maintenance fitting sotware,Not Applicable,30-juin-14,N.A,N.A,none,NO,100,N.A,N.A,N.A,1 rue Traversière BP 20327,94598,Rungis,France,01 41 73 08 20,01 41 73 08 49
101,Geuder,"Retina tacks , surgical tools","Retina tacks , surgical tools",Unconditional,09-avr.-14,Class 2,"Supplier contract
Certification
Supply history",25-mai-17,NO,101,no,yes,yes,hertzstrasse 4,69126,Heidelberg,Germany,00 49 62 213 066, 00 49 62 213 03122
102,CONRAD,Off the shelf electronic components and services,Off the shelf electronic components and services,Not Applicable,22-oct.-13,N.A,N.A,none,NO,102,N.A,N.A,N.A,"Zone commercial Englos les Geants, lieu dit rue du Hem, TSA 72001 SEQUEDIN",59458,LOMME Cedex,France,NA,NA
103,FEINMETTAL,Probecard for electrical test (IRIS2),Probecard for electrical test (IRIS2),Not Applicable,22-oct.-13,N.A,N.A,none,NO,103,N.A,N.A,N.A,Zeppelimstrasse 8,D-71083,Herrenberg,France,+49 7032 2001 0,+49 7032 2001 28
104,Moryan decoration,characters & letters in plastic,characters & letters in plastic,Not Applicable,20-nov.-13,N.A,N.A,none,NO,104,N.A,N.A,N.A,NA,NA,NA,NA,NA,NA
105,RAJA,General packaging,General packaging,Not Applicable,20-nov.-13,N.A,N.A,none,NO,105,N.A,N.A,N.A,"16 rue de l'etang, Paris nord 2",95977,Roissy CGD Cedex,France,08 20 30 63 06,08 20 30 63 07
106,Etui Rationnel,pocket processor pouch,pocket processor pouch,Unconditional,05-juin-14,Class 4,"trial delivery
Trade reputation",none,NO,106,no,no,yes,18 rue BASFROI,75011,Paris,France,01 43 79 20 19, 01 43 79 30 09
107,MUL micro Usinage Laser,machining services,machining services,Not Applicable,20-nov.-13,N.A,N.A,none,NO,107,N.A,N.A,N.A,"ZA La Gravette, 
20 rue de la Gravette, Local n° 3",31150,GRATENTOUR,France,05 34 57 84 98,05 34 57 93 41 
108,Liquidware,Off the shelf electronic components ,Off the shelf electronic components ,Not Applicable,20-nov.-13,N.A,N.A,none,NO,108,N.A,N.A,N.A,"960 Turnpike Street, unit 15",MA 02021,Canton,USA,NA,NA
109,C OTTO ,Custm made O rings,Custm made O rings,Unconditional,17-déc.-13,Class 3,"Certification
Trade reputation",30-juin-16,NO,109,NO,YES,YES,Gehrstucken 9,25421,Pinneberg,Germany,49 (0)4101 50 02-0,49 (0)4101 50 02-83
110,IEEE,Publication,Publication,Not Applicable,26-nov.-13,N.A,N.A,none,NO,110,N.A,N.A,N.A,445 Hoes Lane ,NJ 08855,Piscataway,USA,01 73 25 62 54 91,01 73 29 81 93 34
111,IPDIA,IRIS 3 implants,IRIS 3 implants,Conditional,06-déc.-13,Class 1,"Supply agreement
Audit report
certification",27-déc.-15,NO,111,yes,yes,yes,2 rue de la girafe,14000,Caen,France,33(0) 231 53 54 03,33(0) 231 53 93 52
112,GREM,fixture,fixture,Not Applicable,17-déc.-13,N.A,N.A,none,NO,112,N.A,N.A,N.A,14 Bd de port Royal ,75005,Paris,France,01 43 31 86 91,01 43 37 13 48
113,ILT,Laser sealing of EOCH,Laser sealing of EOCH,Unconditional,22-janv.-14,Class 3,"Certification
histoty of supply",4-juil.-17,NO,113,N.A,N.A,N.A,Steinbachstrasse 15,52074,Aachen,Germany,0049 241 89 060, 0049 241 89 06 121
114,COSMODIFF,Camera,Camera,Not Applicable,02-déc.-13,N.A,N.A,none,NO,114,N.A,N.A,N.A,3 rue  Romiguières,31000,Toulouse,France,05 61 22 58 55,05 61 22 62 57
115,FAURE QEI,Qualification of flow box,Qualification of flow box,Unconditional,16-déc.-13,Class 3,"Certification
Trade reputation",19-déc.-15,NO,115,NO,YES,YES,628 rue Charles de Gaulle,38920,CROLLES,,04 76 92 81 00,04 76 92 81 09
116,LOT quantum Design,absorption filters,absorption filters,Not Applicable,17-déc.-13,N.A,N.A,none,NO,116,N.A,N.A,N.A,"15 rue du Buisson aux fraises
 ZAC de la Bonde 
Bâtiment C",91300, Massy,France,01 69 19 49 49,01 69 19 49 30
117,MB electronique,Probe card,Probe card,Not Applicable,12-déc.-13,N.A,N.A,none,NO,117,N.A,N.A,N.A,106 rue des frères Farman,78533,Buc Cedex,France,01 39 67 67 67,NA
118,NAMSA,Biologicals evaluations,Biologicals evaluations,Not Applicable,17-déc.-13,N.A,N.A,none,NO,118,N.A,N.A,N.A,115 chemin de l’Islon,38670,Chasse sur Rhône,France,(33) 4 78 07 92 34 ,(33) 4 72 24 08 12
119,Adixum Vacuum Products,vacuum equipment,vacuum equipment,Not Applicable,22-Jan. 2014,N.A,N.A,none,NO,119,N.A,N.A,N.A,"98 avenue de Brogny,BP2069",74009, Annecy Cedex,France,00 33 450 65 7777,NA
120,SANOTEK,Medical Imaging Software,Medical Imaging Software,Not Applicable,19-déc.-13,N.A,N.A,none,NO,120,N.A,N.A,N.A,118 rue de Chevilly,94240,L'Hay les roses,France,NA,NA
121,Digital River International,Software,Software,Not Applicable,19-déc.-13,N.A,N.A,none,NO,121,N.A,N.A,N.A,9b BD du Prince henri,L-1724,Luxembourg,Luxembourg,NA,NA
122,COMSOL,Software,Software,Not Applicable,19-déc.-13,N.A,N.A,none,NO,122,N.A,N.A,N.A,"wtc, 5 place Robert Schuman",F-38000,Grenoble,France,NA,NA
123,natural point,Software and tools,Software and tools,Not Applicable,22-Jan. 2014,N.A,N.A,none,NO,123,N.A,N.A,N.A,"
P.O. Box 2317
",OR 97339,Corvallis,USA,1-888-965-0435,1-541-753-6689
124,Optics Concept,optics products,optics products,Not Applicable,31-Jan.-2014,N.A,N.A,none,NO,124,N.A,N.A,N.A,24/30 Avenue du Manet,78180,Montigny le Bretonneux,France,01 30 64 05 62, 01 30 64 06 38
125,TDI International,little equipment,little equipment,Not Applicable,22-Jan. 2014,N.A,N.A,none,NO,125,N.A,N.A,N.A,3351 E. Hemisphere Loop,AZ 85706,Tucson,USA,1-520-799-8000,1-520-799-8002
126,Teltec,little equipment,little equipment,Not Applicable,22-Jan. 2014,N.A,N.A,none,NO,N.A,N.A,N.A,N.A,939 rue de la croix verte,34090,Montpellier,France,04 67 22 40 00,04 67 22 67 37 
127,Marschall,optics products,optics products,Not Applicable,31-Jan.-2014,N.A,N.A,none,NO,127,N.A,N.A,N.A,East Maple Avenue  1910,CA 90245,El Segundo,USA,(310) 333-0606,(310) 333-0688
128,Lensation,optics products,optics products,Not Applicable,31-Jan.-2014,N.A,N.A,none,NO,128,N.A,N.A,N.A,Unterer Dammweg   12,76149,Karlsruhe,Germany, 00 49 (721) 75 40 45-0,00 49 (721) 6054339-3
129,Vision Dimension,optics products,optics products,Not Applicable,31-Jan.-2014,N.A,N.A,none,NO,129,N.A,N.A,N.A,Kiel-Kanal   1,24106,Kiel,Germany,00 49 431 300348-40,00 49 431 300348-60
130,Dosage 2000,Parts and equipment for dispensing systems,Parts and equipment for dispensing systems,Not Applicable,22-Jan. 2014,N.A,N.A,none,NO,130,N.A,N.A,N.A,40 rue des Vignobles,78400,Chatou,France,01 30 82 68 69,01 30 82 67 80
131,sorelec,Electronic components ,Electronic components ,Not Applicable,31-Jan.-2014,N.A,N.A,none,NO,131,N.A,N.A,N.A,BP 91208_ 9 avenue des Peupliers,35512,Cesson Sevigne Cedex,France,02 99 83 45 67,02 99 83 39 69 
132,opalkelly,FPGA boards and electronics devices,FPGA boards and electronics devices,Not Applicable,31-Jan.-2014,N.A,N.A,none,NO,132,N.A,N.A,N.A,"13500 SW, 72nd avenue, STE 120",OR 97223,Portland,USA,NA,NA
133,SAFT,Batteries for IRIS 2and IRIS 3,Batteries for IRIS 2and IRIS 3,Unconditional,03-déc.-14,Class 3,"Certification
Trade reputation",17-juil.-17,NO,133,no,yes,yes,"Rue Georges Leclanché 
BP 1039",86060,Poitiers cedex 9,France, 05 49 55 48 48,05 49 55 48 50
134,AXON CABLE SAS,cable connecting the VI and PP of Iris 2,cable connecting the VI and PP of Iris 2,Unconditional,30-Jan.-2014,Class 3,"Certification
Trade reputation",27-déc.-14,YES,134,no,yes,yes,2 route de Chalons,51210,Montmirail,France,03 26 81 70 58, 03 26 81 70 17
135,HOLEPOP,Micro brass tube,Micro brass tube,Not Applicable,03-févr.-14,N.A,N.A,none,NO,135,N.A,N.A,N.A,6172 Iroquois Rd. ,CA 92683,Westminster ,USA,+1 714 22 98 99,None
136,Eurostat Group ,Control of ESD protection of laboratories,Control of ESD protection of laboratories,Unconditional,28-mars-14,Class 3,"Certification
Trade reputation",30-juin-15,NO,136,no,yes,yes,45 route d’orgelet,39130,Pont de Poitte,France,0033 384 870 239,0033 384 483 000
137,W-Tech,Dry Storage Cabinet Equipment,Equipment for Dry Storage,Not Applicable,05-févr.-14,N.A,N.A,none,NO,137,N.A,N.A,N.A,3 Rue Jean Gonnet,38110,Saint Jean De Soudain,France,0033 474 930 154,0033 474 932 584
138,EIC Biomedical,Thin films deposition,Thin films deposition,Conditional,05-févr.-14,Class 1,"Supplier contract
Audit report
Supply history",none,NO,138,yes,no,yes,111 Downey Street,02062,Norwood,USA,+1-781-769-9450 ,+1-781-551-0283 
139,Universität Ulm,Retinal stimulator ASIC IRIS 2,Retinal stimulator ASIC IRIS 2,Not Applicable,09/04/2014,N.A,N.A,none,NO,139,N.A,N.A,N.A,Albert Einstein Allee 43,89081,Ulm,Germany,49 731 502 6200,49 731 502 6222
140,Langer EMV technik Gmbh,Development system disturbance emissions and softawre,Development system disturbance emissions and softawre,Not Applicable,19-févr.-14,N.A,N.A,none,NO,140,N.A,N.A,N.A,"Nothnitzer Hang 31,",DE-01728,Bannewitz,Germany,49 351 430 093-0,49 351 430093-22
141,Multi Channel System,"Multi electrode array system, comonents and accesories","Multi electrode array system, comonents and accesories",Not Applicable,19-févr.-14,N.A,N.A,none,NO,141,N.A,N.A,N.A,Aspenhaustrasse 21,72770,Reutlingen,Germany,49 71 21 90 92 50,49 71 21 90 92 511
142,Polyfil,Encapsulated wire for IRIS 2,Encapsulated wire for IRIS 2,Not Applicable,21-févr.-14,N.A,N.A,none,NO,142,N.A,N.A,N.A,Oberallmendstrasse 20a,6300,Schweiz,Switzerland,+ 41 41 761 6355,+ 41 41 761 0735
143,Minitron,Ceramic Tip,Ceramic Tip,Not Applicable,24-févr.-14,N.A,N.A,none,NO,143,N.A,N.A,N.A,Noerdliche Ringstrasse 14 ,85057,Ingolstadt,Germany,00 49 841 82 077,00 49 841 84 404
144,Olympus France SAS,Microscope,Microscope,Not Applicable,24-févr.-14,N.A,N.A,none,NO,144,N.A,N.A,N.A,"Parc d'affaires SILIC
74 rue d'Arcueil
BP 90165",94533,Rungis cedex,France,01 45 60 23 00, 01 45 60 66 85 
145,The Imaging source Europe GmbH,"Imaging soure, lens","Imaging soure, lens",Not Applicable,9-avr.-14,N.A,N.A,none,NO,145,N.A,N.A,N.A,Sommerstarsse 36,28215,Bremen,Germany,00 49 421 335 91-0, 00 49 421 335 91-80
146,Azure Photonics,Optics prducts and lenses ,Optics prducts and lenses ,Not Applicable,9-avr.-14,N.A,N.A,none,NO,146,N.A,N.A,N.A,"2010 Crow Canyon Place,
Suite 100",CA 94583 ,San Ramon,USA,+1 925 833 82 88,+1 925 833 87 08
147,Dekra Certification B.V,Certification,Certification,Not Applicable,7-mars-14,N.A,N.A,none,NO,147,N.A,N.A,N.A,Meander 1051 ,6802 ED  ,Arnhem,Netherlands,31 (0) 88 96 83 009,31 (0) 88 96 83 100
148,CETIM,Tomography services,Tomography services,Not Applicable,13-mars-14,N.A,N.A,none,NO,148,N.A,N.A,N.A,52 Av. Felix Louat,60304,SENLIS CEDEX,France,33 (0) 344 673 208,33 (0) 344 673 353
149,University Wafer,Silicon wafer,Silicon wafer,Not Applicable,20-mars-14,N.A,N.A,none,NO,149,N.A,N.A,N.A,"66 N Street, Suite # 9",MA 02127,BOSTON,USA,+ 1 800 713 9375,+ 1 781 394 0787
150,Scop Pro ,"parts distributor and installation of electrophysiology, micro-imaging and micromipulation setups","parts distributor and installation of electrophysiology, micro-imaging and micromipulation setups",Not Applicable,21-mars-14,N.A,N.A,none,NO,150,N.A,N.A,N.A,22 rue Jean ROSTAND,91400,ORSAY,France,09 81 88 02 73,09 82 63 39 75
151,WURTH,printed circuits boards manufacturing and assembly,printed circuits boards manufacturing and assembly,Not Applicable,5-août-14,N.A,N.A,none,NO,151,N.A,N.A,N.A,1861 avenue henri Schneider,CS 70029 - 69881,Meyzieu Cedex,France, +33 (0) 4 27 86 12 00,+33 (0) 4 27 86 12 01
152,Alciom ,Design,Design,Not Applicable,02-avr.-14,N.A,N.A,none,NO,152,N.A,N.A,N.A,3 rue des Vignes,78220,Viroflay,France,01 47 09 30 51, 01 30 24 17 96
153,GEPIC,IT infrastructure and maintenance,IT infrastructure and maintenance,Unconditional,5-mai-14,Class 4,"Supplier contract
Supply history",none,NO,153,no,no,yes,12 Chemin du Bruley ,69570,Dardilly,France,04 78 35 44 58,04 78 35 44 58
154,Therapak,Standard return biohazard kit,Standard return biohazard kit,Unconditional,25-sept.-14,Class 4,"Trade reputation
Trial delivery",none,NO,154,no,no,yes,"Unit 1 Waterway Business Park ,
Rigby Lane ",UB3 1EY ,"Hayes, Middlesex ",UK, 020 8589 0888 ,020 8589 0850
155,METTLER,Calibration of equipment (mass and volum field),Calibration of equipment (mass and volum field),Unconditional,29-avr.-14,Class 4,"Certification
service per an established standard",14-nov.-17,NO,155,no,yes,yes,18/20 Avenue de la Pépinière ,78220,Viroflay,France,01 30 97 14 21,NA
156,ESIEE ,rent of clean room for R&D purposes,rent of clean room for R&D purposes,Not Applicable,12-mai-14,N.A,N.A,none,NO,s,N.A,N.A,N.A,"2, boulevard Blaise Pascal 
Cité Descartes BP99",93162,Noisy Le Grand Cedex,France, 01 45 92 65 00,  01 45 92 66 99 
157,E2M,"Maintenance, calibration of equipments","Maintenance, calibration of equipments",Unconditional,12-mai-14,Class 4,"Certification
service per an established standard",12-nov.-15,NO,157,no,yes,yes,"21 ter, avenue Wladimir d'ormesson",94490,Ormesson sur Marne,France,01 45 76 96 55,01 45 76 63 21
158,Metrohm France SAS,Electrochemistry instruments,Electrochemistry instruments,Not Applicable,19-mai-14,N.A,N.A,none,NO,158,N.A,N.A,N.A,"13 avenue du Québec
CS 90038",91978,Villebon Courtaboeuf,France,01 64 86 97 00,01 64 86 91 01
159,DL Industrie,Closet for storage,Closet for storage,Not Applicable,20-mai-14,N.A,N.A,none,NO,159,N.A,N.A,N.A,88 rue Saint Denis ,93130,Noisy le Sec,France,01 41 83 20 40,01 48 45 10 54
160, Laser Components S.A.S,laser systems and accessories,laser systems and accessories,Not Applicable,23-mai-14,N.A,N.A,none,NO,160,N.A,N.A,N.A,45 bis route des Gardes ,92190,Meudon,France,01 39 59 52 25,01 39 59 53 50
161,SARL ER3M,mechanical parts such as fixtures or custom tools,mechanical parts such as fixtures or custom tools,Not Applicable,04-juin-14,N.A,N.A,none,NO,161,N.A,N.A,N.A,5 rue du 8 mai 1945,60590,Serifontaine,France, 03 44 84 04 33,03 44 84 06 27
162,PHYMEP,Electrical measurement equipment and accessories for electrophysiology-like setups,Electrical measurement equipment and accessories for electrophysiology-like setups,Not Applicable,09-juin-14,N.A,N.A,none,NO,162,N.A,N.A,N.A,21 rue Campio-Formio,75013,Paris,France,01 44 24 25 18,01 44 24 23 57
163,OMICRON,LED and Laser Light sources provider/ design services,LED and Laser Light sources provider/ design services,Not Applicable,05-août-14,N.A,N.A,none,NO,163,N.A,N.A,N.A,Raiffeinsenstrasse 5e,63110,Rodgau - Dudenhofen,Germany,00 49 61 06 82 24 0,00 49 61 06 82 24 10
164,Labo and Co,Laboratory accessories and tools,Laboratory accessories and tools,Not Applicable,19-juin-14,N.A,N.A,none,NO,164,N.A,N.A,N.A,"50 avenue  de Gros Bois, BP 78",94440,Marolles en Brie,France,01 45 98 74 80,01 45 98 77 23
165,ONLYLIPO,lithium polymer battery,lithium polymer battery,Not Applicable,19-juin-14,N.A,N.A,none,NO,165,N.A,N.A,N.A,Chaussée de Mons 62,7070,Thieu,Belgium,+ 3 24 75 54 24 03,NA
166,all-battery.com,High quality rechargeable batteries and chargers,High quality rechargeable batteries and chargers,Not Applicable,19-juin-14,N.A,N.A,none,NO,166,N.A,N.A,N.A,436 Kato Terrace,CA 94539,Fremont,USA,510 979 99 69,510 687 03 28
167,OPTOPRIM,laser speckle,laser speckle,Not Applicable,19-juin-14,N.A,N.A,none,NO,167,N.A,N.A,N.A,21-23 rue Aristide Briand,F 92170,Vanves,France,01 41 90 61 80,01 41 90 61 89
168,Marteau& Lemarié,Precision balls for foil shaping test,Precision balls for foil shaping test,Not Applicable,19-juin-14,N.A,N.A,none,NO,168,N.A,N.A,N.A,45 rue Delizy ,93692,Pantin,France,01 41 71 38 76,01 41 71 38 77
169,Exponent,Technical services,Consulting ,Not Applicable,19-juin-14,N.A,N.A,none,NO,169,N.A,N.A,N.A,9 Strathmore Road,MA 01760,Natick,USA,508-652-8500,508-652-8599
170,BDC Laboratories,Lifetime Testing Equipment,Lifetime Testing Equipment,Not Applicable,17-juil.-14,N.A,N.A,none,NO,170,N.A,N.A,N.A,4060 Youngfield St.,CO 80033,Wheat Ridge,USA,303-456-4665,NA
171,Laser conseil,Laser safety training,Laser safety training,Not Applicable,17-juil.-14,N.A,N.A,none,NO,171,N.A,N.A,N.A,Technopole Anticipa - 5 rue Fulence Bienvenue,22300,Lannion,France,02 96 48 79 96,02 96 48 79 97
172,Laser 2000 SAS,Laser safety equipment,Laser safety equipment,Not Applicable,17-juil.-14,N.A,N.A,none,NO,172,N.A,N.A,N.A,"Parc d'affaires, 3 rue de la Plaine",78860,Saint-Nom-la-Bretèche,France,01 30 80 00 60,01 30 80 00 40
173,Wolfram,Mathematica software,Laser safety equipment,Not Applicable,31-juil.-14,N.A,N.A,none,NO,173,N.A,N.A,N.A,"Lower Road , Long Hanborough",OX29 8FD,Oxfordshire,UK, +44-(0)1993-883400 ,'+44-(0)1993-883800
174,Antycip,Embedded sysems development kits and services,Embedded sysems development kits and services,Not Applicable,5-août-14,N.A,N.A,none,NO,174,N.A,N.A,N.A,"ZA de la Verriere gare
14 rue de Panicale",78320,La Verriere,France,01 30 51 21 00,01 30 51 60 50
175,Leica Microsystemes SAS,Microscope Camera,Microscope Camera,Not Applicable,18-août-14,N.A,N.A,none,NO,175,N.A,N.A,N.A,8 avenue de l'ile Saint Martin,92737,Nanterre Cedex,France,06 21 01 18 48,01 56 05 23 23
176,Advanceing Safety in Medical Technology (AAMI),Standards,Standards,Not Applicable,26-août-14,N.A,N.A,none,NO,176,N.A,N.A,N.A,"4301 N. Fairfax Drive, Suite 301",VA 22203-1633,Arlington,USA,+1 703 525-4890,+ 1 703 276-0793
177,Synergetic Inc.,Surgical tool for Prima,Surgical tool for Prima,Not Applicable,17-sept.-14,N.A,N.A,none,NO,177,N.A,N.A,N.A,"3845 Corporate Centre Drive, O'Fallon",63368,Missouri,USA,+1 636 794 5016,+ 1 636 939 6885
178,KAE Corporation,rack Mount accessories,rack Mount accessories,Not Applicable,29-sept.-14,N.A,N.A,none,NO,178,N.A,N.A,N.A,955 East 500 South       ,UT 84102,Salt Lake City,USA,(801) 238-2300,(801) 238-3900
179,Simulation Lab Software,Simulation Lab Software,Simlab plugin for Inventor 3g pdf exporter,Not Applicable,08-oct.-14,N.A,N.A,none,NO,179,N.A,N.A,N.A,PO box 935 tia Al Ali,11953,Amman,Jordan,(++962)(77) 526-76-34,NA
180,SORIN CRM SAS,Assembly inner part of the IRIS 2 ceramic and assembly of the foil and photodiode,Assembly inner part of the IRIS 2 ceramic and assembly of the foil and photodiode for development only,Not Applicable,15-oct.-14,N.A,N.A,none,NO,180,N.A,N.A,N.A,4 avenue Reaumur,92143,Clamart,France,01 46 01 36 58,NA
181,KEYENCE,Digital microscope VHX500,Digital microscope VHX500,Not Applicable,15-oct.-14,N.A,N.A,none,NO,181,N.A,N.A,N.A,11 avenue Dubonnet,92407,Courbevoie,France,33(0)1 56 37 78 00,33(0)1 56 37 78 01
182,AVNET,Electronics components and boards,Electronics components and boards,Not Applicable,22-oct.-14,N.A,N.A,none,NO,182,N.A,N.A,N.A,2211 suth 47th street,AZ85034,Phoenix,USA,480-643-2000 ,NA
183,AUSY,Engineering consultancy,Engineering consultancy,Not Applicable,04-nov.-14,N.A,N.A,none,NO,183,N.A,N.A,N.A,88 bd Gallieni,92445,Issy Les Moulineaux,France,+33 1 41 08 65 65,NA
184,Huntington medical Reserch Institutes,Animal studies,Animal studies,Not Applicable,14-nov.-14,N.A,N.A,none,NO,184,N.A,N.A,N.A,734 fairmount Avenue pasadena,91105-3104,California,USA,+1-(626) 397-5805,+1- (626) 397-5808
185,ETS Grosclaude Robin,Metal product for thermal conductivity,Metal product for thermal conductivity,Not Applicable,20-nov.-14,N.A,N.A,none,NO,185,N.A,N.A,N.A,18 route des mandres BP 31,94440,Santeny,France,01 43 86 09 88,01 43 86 09 84
186,ASICA,IRIS 2 Visual Interface and pocket processor assembling / series production,IRIS 2 Visual Interface and pocket processor assembling / series production,Conditional,28-nov.-14,Class 2,"Supplier contract
Audit report
certification",04-oct.-15,NO,186,yes,yes,yes,55 rue du grand Jardin,35400,Saint Malo,France,02 99 21 14 14 ,02 99 21 14 15
187,ATD Electronique,Electronic components from Varioptic,Electronic components from Varioptic,Not Applicable,20-nov.-14,N.A,N.A,none,NO,187,N.A,N.A,N.A,4 avenue Gabriel peri ,78360,Montesson,France,33 1 30 15 69 70,NA
188,SCALE Ingénierie,Housing for demonstrator  (R&D purposes),Housing for demonstrator  (R&D purposes),Not Applicable,03-déc.-14,N.A,N.A,none,NO,188,N.A,N.A,N.A,"12 avenue du Québec,
Parc Silic, Bat H",91962,Courtaboeuf,France,(33) (0)1 64 46 11 01,(33) (0)1 64 46 23 22
189,EMITECH,laboratory services to conduct test,renting of laboratory room,Not Applicable,08-déc.-14,N.A,N.A,none,NO,189,N.A,N.A,N.A,"ZA de l'Observatoire
3 rue des Coudriers",78180,Montigny le Bretonneux,France,01 30 57 55 55,01 30 43 74 48
190,Zemax Europe Ltd,Optical design software,Optical design software,Not Applicable,10-déc.-14,N.A,N.A,none,NO,190,N.A,N.A,N.A,"8 Riverside Business Park,
Stoney Common road",CM248PL,Stansted,UK,+1 (425) 844-0152 ,+1 (425) 844-0153
191,TTSE,Thermal and surface treatments of metals parts,Thermal and surface treatments of metals parts,Not Applicable,10-déc.-14,N.A,N.A,none,NO,191,N.A,N.A,N.A,1 rue Gustave Eiffel,91070,Bondoufle,France,NA,+33 1 60 86 75 81
192,GETELEC,Thermal dissipation metal ,Thermal dissipation metal ,Conditional,18-déc.-14,Class 3,"Certification
Trial delivery",19-mai-17,NO,192,no,yes,yes,"375 rue Morane Saulnier
BP 80235",78530,Buc Cedex,France,01 39 20 42 42, 01 39 20 42 43
193,Mascot,IRIS 2 charger electrical part,IRIS 2 charger electrical part,Unconditional,18-déc.-14,Class 3,"Certification
Trade reputation",16-août-17,NO,193,no,yes,yes,38 rue Leo Lagrange,94270,le Kremlin Bicetre,France,0146 587 185,NA
194,proto Labs,Prototyping of Plastic parts,Prototyping of Plastic parts,Not Applicable,18-déc.-14,N.A,N.A,04-mars-15,NO,194,N.A,N.A,N.A,18 allée du lac saint André,73382,Le bourget du lac Cedex,France,04 79 65 46 50,04 79 65 46 51
,,,,,,,,,,0,,,,,,,,,
,,,,,,,,,,0,,,,,,,,,
,,,,,,,,,,0,,,,,,,,,
,,,,,,,,,,0,,,,,,,,,
,,,,,,,,,,0,,,,,,,,,
,,,,,,,,,,0,,,,,,,,,
,,,,,,,,,,0,,,,,,,,,
,,,,,,,,,,0,,,,,,,,,
,,,,,,,,,,0,,,,,,,,,
,,,,,,,,,,0,,,,,,,,,
,,,,,,,,,,0,,,,,,,,,
,,,,,,,,,,0,,,,,,,,,
,,,,,,,,,,0,,,,,,,,,
,,,,,,,,,,0,,,,,,,,,
,,,,,,,,,,0,,,,,,,,,
,,,,,,,,,,0,,,,,,,,,
,,,,,,,,,,0,,,,,,,,,
,,,,,,,,,,0,,,,,,,,,
,,,,,,,,,,0,,,,,,,,,
,,,,,,,,,,0,,,,,,,,,
,,,,,,,,,,0,,,,,,,,,
,,,,,,,,,,0,,,,,,,,,
,,,,,,,,,,0,,,,,,,,,
,,,,,,,,,,0,,,,,,,,,
,,,,,,,,,,0,,,,,,,,,
,,,,,,,,,,0,,,,,,,,,
,,,,,,,,,,0,,,,,,,,,
,,,,,,,,,,0,,,,,,,,,
,,,,,,,,,,0,,,,,,,,,
,,,,,,,,,,0,,,,,,,,,
,,,,,,,,,,0,,,,,,,,,
,,,,,,,,,,0,,,,,,,,,
,,,,,,,,,,0,,,,,,,,,
,,,,,,,,,,0,,,,,,,,,
,,,,,,,,,,0,,,,,,,,,
,,,,,,,,,,0,,,,,,,,,
,,,,,,,,,,0,,,,,,,,,
,,,,,,,,,,0,,,,,,,,,
,,,,,,,,,,0,,,,,,,,,
,,,,,,,,,,0,,,,,,,,,
,,,,,,,,,,0,,,,,,,,,
,,,,,,,,,,0,,,,,,,,,
,,,,,,,,,,0,,,,,,,,,
,,,,,,,,,,0,,,,,,,,,
,,,,,,,,,,0,,,,,,,,,
,,,,,,,,,,0,,,,,,,,,
,,,,,,,,,,0,,,,,,,,,
,,,,,,,,,,0,,,,,,,,,
,,,,,,,,,,0,,,,,,,,,
,,,,,,,,,,0,,,,,,,,,
,,,,,,,,,,0,,,,,,,,,
,,,,,,,,,,0,,,,,,,,,
,,,,,,,,,,0,,,,,,,,,
,,,,,,,,,,0,,,,,,,,,
,,,,,,,,,,0,,,,,,,,,
,,,,,,,,,,0,,,,,,,,,
,,,,,,,,,,0,,,,,,,,,
,,,,,,,,,,0,,,,,,,,,
,,,,,,,,,,0,,,,,,,,,
,,,,,,,,,,0,,,,,,,,,
,,,,,,,,,,0,,,,,,,,,
,,,,,,,,,,0,,,,,,,,,
,,,,,,,,,,0,,,,,,,,,
,,,,,,,,,,0,,,,,,,,,
,,,,,,,,,,0,,,,,,,,,
,,,,,,,,,,0,,,,,,,,,
,,,,,,,,,,0,,,,,,,,,
,,,,,,,,,,0,,,,,,,,,
,,,,,,,,,,0,,,,,,,,,
,,,,,,,,,,0,,,,,,,,,
